language,post_id,title,subreddit,compound,positive,neutral,negative
R,1kgegeb,How do I change only one ggplot legend label?,r/Rlanguage,0.4588,0.081,0.919,0.0
R,1kgnyx0,Where to learn R language,r/Rlanguage,-0.2732,0.078,0.798,0.124
R,1kg0fxi,Help wit plots,r/Rlanguage,0.6811,0.125,0.828,0.047
R,1kfhorj,Does anyone else have issue after issue either R on the M4 chip,r/Rlanguage,0.6868,0.123,0.837,0.04
R,1kfai1t,dplyr: Problem with data masking,r/Rlanguage,-0.8724,0.0,0.779,0.221
R,1kf8i74,Subscript out of bond - just trying to order a data frame,r/Rlanguage,0.8565,0.123,0.877,0.0
R,1kf56g8,trying to filter a data frame based on two variables,r/Rlanguage,-0.802,0.079,0.792,0.128
R,1kek2nr,Different approaches to calculate a determinant of a matrix lead to different results.,r/Rlanguage,-0.3612,0.05,0.885,0.065
R,1ke4i55,R Language Server support in nvim 0.11 onwards,r/Rlanguage,0.6249,0.105,0.895,0.0
R,1ke0jlb,"Saved "".RData"" into "".R"" file",r/Rlanguage,-0.6103,0.0,0.844,0.156
R,1kd0who,Supercharge your R workflows with DuckDB,r/Rlanguage,0.0,0.0,1.0,0.0
R,1kdgph1,The X Axis of the histogram doesn't start at 0,r/Rlanguage,0.1901,0.14,0.75,0.11
R,1kcg3vt,Is there a way to embed interactive plotly charts in PowerPoint?,r/Rlanguage,0.6249,0.148,0.852,0.0
R,1kbp65g,Display R Console Messages Real Time in Shiny Dashboard,r/Rlanguage,0.768,0.047,0.953,0.0
R,1kbcowp,Changing size of axis numbers ggplot,r/Rlanguage,-0.3149,0.063,0.852,0.085
R,1kasswi,First steps in R,r/Rlanguage,0.927,0.188,0.812,0.0
R,1kau17l,How to Fuzzy Match Two Data Tables with Business Names in R or Excel?,r/Rlanguage,0.9823,0.182,0.818,0.0
R,1kb1po9,Completely Lost on How to Download and Use R,r/Rlanguage,-0.8419,0.088,0.755,0.157
R,1kagefh,Switching to Jupyter -- is it worth it?,r/Rlanguage,0.8499,0.079,0.906,0.015
R,1k8glq4,"Robust and Cluster standard errors in panel, are they the same?",r/Rlanguage,0.2808,0.053,0.905,0.043
Go,1khm1xv,Introducing doc-scraper: A Go-Based Web Crawler for LLM Documentation,r/golang,0.9402,0.197,0.803,0.0
Go,1khj4u2,How do you approach architecture with clean code.,r/golang,0.9685,0.135,0.841,0.024
Go,1ki5926,Relational Inserts in SQLC: One Big CTE or Transaction in Go,r/golang,0.0258,0.022,0.957,0.021
Go,1khvez6,"Go Go Proxy, a secure, flexible API proxy with caching, rate limiting, and JWT authentication",r/golang,0.9627,0.147,0.853,0.0
